Input Size,Time Taken
100, 0.000028
300, 0.000186
500, 0.000353
700, 0.000516
900, 0.000583
