Input Size,Time Taken
100, 0.000028
200, 0.000080
300, 0.000106
400, 0.000155
4, 0.000000
