Input Size,Avg Case Comparisons,worst Case Comparisons
100,685.000000,4950.000000
500,5212.000000,124750.000000
1000,10524.000000,499500.000000
1500,18704.000000,1124250.000000
2000,24236.000000,1999000.000000
