Input Size,Time Taken
100, 0.000028
200, 0.000075
300, 0.000108
400, 0.000165
500, 0.000187
